{"stats":{"minecraft:custom":{"minecraft:time_since_rest":1368456,"minecraft:open_chest":6,"minecraft:crouch_one_cm":1868,"minecraft:sprint_one_cm":1988,"minecraft:play_time":1368456,"minecraft:walk_one_cm":57802,"minecraft:sneak_time":62331,"minecraft:drop":1,"minecraft:interact_with_lectern":4,"minecraft:jump":162,"minecraft:leave_game":6,"minecraft:time_since_death":1368456,"minecraft:total_world_time":33092452,"minecraft:fly_one_cm":6204425},"minecraft:picked_up":{"minecraft:repeater":1,"minecraft:yellow_wool":1,"minecraft:lever":5,"minecraft:comparator":1,"minecraft:redstone_torch":3,"minecraft:redstone":8},"minecraft:used":{"minecraft:redstone_torch":406,"minecraft:white_wool":1,"minecraft:glass":10,"minecraft:torch":1,"minecraft:lever":30,"minecraft:repeater":165,"minecraft:redstone_lamp":14,"minecraft:comparator":39,"minecraft:written_book":1,"minecraft:redstone":2083,"minecraft:oak_sign":45,"minecraft:yellow_wool":2547},"minecraft:dropped":{"minecraft:yellow_wool":1}},"DataVersion":3700}