{"stats":{"minecraft:used":{"minecraft:yellow_wool":2688,"minecraft:white_wool":1,"minecraft:glass":12,"minecraft:torch":1,"minecraft:lever":30,"minecraft:writable_book":17,"minecraft:repeater":183,"minecraft:redstone_lamp":14,"minecraft:comparator":39,"minecraft:written_book":1,"minecraft:redstone":2211,"minecraft:oak_sign":50,"minecraft:lectern":5,"minecraft:redstone_torch":410},"minecraft:picked_up":{"minecraft:oak_sign":1,"minecraft:repeater":1,"minecraft:yellow_wool":1,"minecraft:writable_book":2,"minecraft:lever":5,"minecraft:comparator":1,"minecraft:redstone_torch":3,"minecraft:redstone":30},"minecraft:dropped":{"minecraft:yellow_wool":1,"minecraft:redstone":1},"minecraft:custom":{"minecraft:time_since_rest":2139913,"minecraft:open_chest":7,"minecraft:crouch_one_cm":2304,"minecraft:sprint_one_cm":2004,"minecraft:play_time":2139913,"minecraft:walk_one_cm":83558,"minecraft:sneak_time":86643,"minecraft:drop":2,"minecraft:interact_with_lectern":9,"minecraft:jump":497,"minecraft:leave_game":9,"minecraft:time_since_death":2139913,"minecraft:total_world_time":48546882,"minecraft:fly_one_cm":9570651}},"DataVersion":3700}